Common_C,Output_A,Output_B,Net
1,1,1,FPC_01
2,2,2,FPC_02
3,3,3,FPC_03
4,4,4,FPC_04
5,5,5,FPC_05
6,6,6,FPC_06
7,7,7,FPC_07
8,8,8,FPC_08
9,9,9,FPC_09
10,10,10,FPC_10
11,11,11,FPC_11
12,12,12,FPC_12
13,13,13,FPC_13
14,14,14,FPC_14
15,15,15,FPC_15
16,16,16,FPC_16
17,17,17,FPC_17
18,18,18,FPC_18
19,19,19,FPC_19
20,20,20,FPC_20
21,21,21,FPC_21
22,22,22,FPC_22
23,23,23,FPC_23
24,24,24,FPC_24
25,25,25,FPC_25
26,26,26,FPC_26
27,27,27,FPC_27
28,28,28,FPC_28
29,29,29,FPC_29
30,30,30,FPC_30
31,31,31,FPC_31
32,32,32,FPC_32
33,33,33,FPC_33
34,34,34,FPC_34
35,35,35,FPC_35
36,36,36,FPC_36
37,37,37,FPC_37
38,38,38,FPC_38
39,39,39,FPC_39
40,40,40,FPC_40
41,41,41,FPC_41
42,42,42,FPC_42
43,43,43,FPC_43
44,44,44,FPC_44
45,45,45,FPC_45
46,46,46,FPC_46
47,47,47,FPC_47
48,48,48,FPC_48
49,49,49,FPC_49
50,50,50,FPC_50
51,51,51,FPC_51
