Net,End_A_contact,End_B_contact,Y_mm
CH51,51,51,15.3
CH50,50,50,15.0
CH49,49,49,14.7
CH48,48,48,14.4
CH47,47,47,14.1
CH46,46,46,13.8
CH45,45,45,13.5
CH44,44,44,13.2
CH43,43,43,12.9
CH42,42,42,12.6
CH41,41,41,12.3
CH40,40,40,12.0
CH39,39,39,11.7
CH38,38,38,11.4
CH37,37,37,11.1
CH36,36,36,10.8
CH35,35,35,10.5
CH34,34,34,10.2
CH33,33,33,9.9
CH32,32,32,9.6
CH31,31,31,9.3
CH30,30,30,9.0
CH29,29,29,8.7
CH28,28,28,8.4
CH27,27,27,8.1
CH26,26,26,7.8
CH25,25,25,7.5
CH24,24,24,7.2
CH23,23,23,6.9
CH22,22,22,6.6
CH21,21,21,6.3
CH20,20,20,6.0
CH19,19,19,5.7
CH18,18,18,5.4
CH17,17,17,5.1
CH16,16,16,4.8
CH15,15,15,4.5
CH14,14,14,4.2
CH13,13,13,3.9
CH12,12,12,3.6
CH11,11,11,3.3
CH10,10,10,3.0
CH09,9,9,2.7
CH08,8,8,2.4
CH07,7,7,2.1
CH06,6,6,1.8
CH05,5,5,1.5
CH04,4,4,1.2
CH03,3,3,0.9
CH02,2,2,0.6
CH01,1,1,0.3
