x_mm,y_mm,start_layer,stop_layer,drill_mm,land_mm,net,type
15.741310,26.556452,L6,L5,.100,.250,GND,SMP_RING
16.087949,26.317184,L6,L5,.100,.250,GND,SMP_RING
16.506073,26.266414,L6,L5,.100,.250,GND,SMP_RING
16.899898,26.415774,L6,L5,.100,.250,GND,SMP_RING
17.179201,26.731041,L6,L5,.100,.250,GND,SMP_RING
17.280001,27.139999,L6,L5,.100,.250,GND,SMP_RING
17.179201,27.548957,L6,L5,.100,.250,GND,SMP_RING
16.899898,27.864224,L6,L5,.100,.250,GND,SMP_RING
16.506073,28.013584,L6,L5,.100,.250,GND,SMP_RING
16.087949,27.962814,L6,L5,.100,.250,GND,SMP_RING
15.741310,27.723546,L6,L5,.100,.250,GND,SMP_RING
15.816453,34.998690,L6,L5,.100,.250,GND,SMP_RING
15.577185,34.652052,L6,L5,.100,.250,GND,SMP_RING
15.526415,34.233927,L6,L5,.100,.250,GND,SMP_RING
15.675775,33.840103,L6,L5,.100,.250,GND,SMP_RING
15.991042,33.560799,L6,L5,.100,.250,GND,SMP_RING
16.400000,33.459999,L6,L5,.100,.250,GND,SMP_RING
16.808958,33.560799,L6,L5,.100,.250,GND,SMP_RING
17.124225,33.840103,L6,L5,.100,.250,GND,SMP_RING
17.273585,34.233927,L6,L5,.100,.250,GND,SMP_RING
17.222815,34.652052,L6,L5,.100,.250,GND,SMP_RING
16.983547,34.998690,L6,L5,.100,.250,GND,SMP_RING
15.816453,49.498689,L6,L5,.100,.250,GND,SMP_RING
15.577185,49.152051,L6,L5,.100,.250,GND,SMP_RING
15.526415,48.733926,L6,L5,.100,.250,GND,SMP_RING
15.675775,48.340101,L6,L5,.100,.250,GND,SMP_RING
15.991042,48.060798,L6,L5,.100,.250,GND,SMP_RING
16.400000,47.959998,L6,L5,.100,.250,GND,SMP_RING
16.808958,48.060798,L6,L5,.100,.250,GND,SMP_RING
17.124225,48.340101,L6,L5,.100,.250,GND,SMP_RING
17.273585,48.733926,L6,L5,.100,.250,GND,SMP_RING
17.222815,49.152051,L6,L5,.100,.250,GND,SMP_RING
16.983547,49.498689,L6,L5,.100,.250,GND,SMP_RING
2.516452,49.498689,L6,L5,.100,.250,GND,SMP_RING
2.277184,49.152051,L6,L5,.100,.250,GND,SMP_RING
2.226414,48.733926,L6,L5,.100,.250,GND,SMP_RING
2.375774,48.340101,L6,L5,.100,.250,GND,SMP_RING
2.691041,48.060798,L6,L5,.100,.250,GND,SMP_RING
3.099999,47.959998,L6,L5,.100,.250,GND,SMP_RING
3.508957,48.060798,L6,L5,.100,.250,GND,SMP_RING
3.824224,48.340101,L6,L5,.100,.250,GND,SMP_RING
3.973584,48.733926,L6,L5,.100,.250,GND,SMP_RING
3.922814,49.152051,L6,L5,.100,.250,GND,SMP_RING
3.683546,49.498689,L6,L5,.100,.250,GND,SMP_RING
3.758689,27.723546,L6,L5,.100,.250,GND,SMP_RING
3.412051,27.962814,L6,L5,.100,.250,GND,SMP_RING
2.993926,28.013584,L6,L5,.100,.250,GND,SMP_RING
2.600101,27.864224,L6,L5,.100,.250,GND,SMP_RING
2.320798,27.548957,L6,L5,.100,.250,GND,SMP_RING
2.219998,27.139999,L6,L5,.100,.250,GND,SMP_RING
2.320798,26.731041,L6,L5,.100,.250,GND,SMP_RING
2.600101,26.415774,L6,L5,.100,.250,GND,SMP_RING
2.993926,26.266414,L6,L5,.100,.250,GND,SMP_RING
3.412051,26.317184,L6,L5,.100,.250,GND,SMP_RING
3.758689,26.556452,L6,L5,.100,.250,GND,SMP_RING
2.516452,34.998690,L6,L5,.100,.250,GND,SMP_RING
2.277184,34.652052,L6,L5,.100,.250,GND,SMP_RING
2.226414,34.233927,L6,L5,.100,.250,GND,SMP_RING
2.375774,33.840103,L6,L5,.100,.250,GND,SMP_RING
2.691041,33.560799,L6,L5,.100,.250,GND,SMP_RING
3.099999,33.459999,L6,L5,.100,.250,GND,SMP_RING
3.508957,33.560799,L6,L5,.100,.250,GND,SMP_RING
3.824224,33.840103,L6,L5,.100,.250,GND,SMP_RING
3.973584,34.233927,L6,L5,.100,.250,GND,SMP_RING
3.922814,34.652052,L6,L5,.100,.250,GND,SMP_RING
3.683546,34.998690,L6,L5,.100,.250,GND,SMP_RING
12.733764,30.158324,L6,L5,.100,.250,GND,RC_PERIMETER
12.520044,30.496441,L6,L5,.100,.250,GND,RC_PERIMETER
12.520000,30.896441,L6,L5,.100,.250,GND,RC_PERIMETER
12.520000,31.296440,L6,L5,.100,.250,GND,RC_PERIMETER
12.572665,31.692957,L6,L5,.100,.250,GND,RC_PERIMETER
13.794237,31.880002,L6,L5,.100,.250,GND,RC_PERIMETER
14.194236,31.880002,L6,L5,.100,.250,GND,RC_PERIMETER
14.594235,31.880000,L6,L5,.100,.250,GND,RC_PERIMETER
14.994235,31.880000,L6,L5,.100,.250,GND,RC_PERIMETER
15.394234,31.880000,L6,L5,.100,.250,GND,RC_PERIMETER
15.794058,31.868156,L6,L5,.100,.250,GND,RC_PERIMETER
16.071461,31.579977,L6,L5,.100,.250,GND,RC_PERIMETER
16.080001,31.180070,L6,L5,.100,.250,GND,RC_PERIMETER
16.080001,30.780071,L6,L5,.100,.250,GND,RC_PERIMETER
16.060730,30.380536,L6,L5,.100,.250,GND,RC_PERIMETER
15.753941,30.123864,L6,L5,.100,.250,GND,RC_PERIMETER
15.353960,30.119998,L6,L5,.100,.250,GND,RC_PERIMETER
14.953960,30.119998,L6,L5,.100,.250,GND,RC_PERIMETER
14.553961,30.119998,L6,L5,.100,.250,GND,RC_PERIMETER
14.166238,30.021657,L6,L5,.100,.250,GND,RC_PERIMETER
14.166238,29.621658,L6,L5,.100,.250,GND,RC_PERIMETER
14.166238,29.221659,L6,L5,.100,.250,GND,RC_PERIMETER
14.166238,28.821659,L6,L5,.100,.250,GND,RC_PERIMETER
14.115923,28.424835,L6,L5,.100,.250,GND,RC_PERIMETER
13.013705,28.247190,L6,L5,.100,.250,GND,RC_PERIMETER
12.741026,28.539844,L6,L5,.100,.250,GND,RC_PERIMETER
12.733764,28.939777,L6,L5,.100,.250,GND,RC_PERIMETER
12.733764,29.339776,L6,L5,.100,.250,GND,RC_PERIMETER
12.733764,29.739775,L6,L5,.100,.250,GND,RC_PERIMETER
16.057110,42.330002,L6,L5,.100,.250,GND,RC_PERIMETER
16.457110,42.330002,L6,L5,.100,.250,GND,RC_PERIMETER
16.857109,42.330002,L6,L5,.100,.250,GND,RC_PERIMETER
17.257108,42.330002,L6,L5,.100,.250,GND,RC_PERIMETER
17.657107,42.330002,L6,L5,.100,.250,GND,RC_PERIMETER
18.057106,42.329913,L6,L5,.100,.250,GND,RC_PERIMETER
18.393225,42.113063,L6,L5,.100,.250,GND,RC_PERIMETER
18.429999,41.714758,L6,L5,.100,.250,GND,RC_PERIMETER
18.429999,41.314759,L6,L5,.100,.250,GND,RC_PERIMETER
18.428340,40.914762,L6,L5,.100,.250,GND,RC_PERIMETER
18.187182,40.595634,L6,L5,.100,.250,GND,RC_PERIMETER
17.788004,40.570000,L6,L5,.100,.250,GND,RC_PERIMETER
17.388004,40.570000,L6,L5,.100,.250,GND,RC_PERIMETER
16.988005,40.570000,L6,L5,.100,.250,GND,RC_PERIMETER
16.588006,40.570000,L6,L5,.100,.250,GND,RC_PERIMETER
16.516236,40.176491,L6,L5,.100,.250,GND,RC_PERIMETER
16.516236,39.776491,L6,L5,.100,.250,GND,RC_PERIMETER
16.516236,39.376492,L6,L5,.100,.250,GND,RC_PERIMETER
16.506081,38.976620,L6,L5,.100,.250,GND,RC_PERIMETER
15.402207,38.688810,L6,L5,.100,.250,GND,RC_PERIMETER
15.100694,38.951659,L6,L5,.100,.250,GND,RC_PERIMETER
15.083762,39.351301,L6,L5,.100,.250,GND,RC_PERIMETER
15.083762,39.751300,L6,L5,.100,.250,GND,RC_PERIMETER
15.083762,40.151299,L6,L5,.100,.250,GND,RC_PERIMETER
15.083762,40.551298,L6,L5,.100,.250,GND,RC_PERIMETER
14.874446,40.892161,L6,L5,.100,.250,GND,RC_PERIMETER
14.869998,41.292137,L6,L5,.100,.250,GND,RC_PERIMETER
14.869998,41.692137,L6,L5,.100,.250,GND,RC_PERIMETER
10.283764,49.241680,L6,L5,.100,.250,GND,RC_PERIMETER
10.283764,49.641679,L6,L5,.100,.250,GND,RC_PERIMETER
10.283764,50.041678,L6,L5,.100,.250,GND,RC_PERIMETER
10.283764,50.441677,L6,L5,.100,.250,GND,RC_PERIMETER
10.287833,50.841656,L6,L5,.100,.250,GND,RC_PERIMETER
10.545722,51.147424,L6,L5,.100,.250,GND,RC_PERIMETER
11.708270,50.863541,L6,L5,.100,.250,GND,RC_PERIMETER
11.716240,50.463620,L6,L5,.100,.250,GND,RC_PERIMETER
11.716240,50.063621,L6,L5,.100,.250,GND,RC_PERIMETER
11.716240,49.663622,L6,L5,.100,.250,GND,RC_PERIMETER
11.829537,49.280003,L6,L5,.100,.250,GND,RC_PERIMETER
12.229536,49.280000,L6,L5,.100,.250,GND,RC_PERIMETER
12.629535,49.280000,L6,L5,.100,.250,GND,RC_PERIMETER
13.029535,49.280000,L6,L5,.100,.250,GND,RC_PERIMETER
13.427126,49.236173,L6,L5,.100,.250,GND,RC_PERIMETER
13.630003,48.891439,L6,L5,.100,.250,GND,RC_PERIMETER
13.630003,48.491440,L6,L5,.100,.250,GND,RC_PERIMETER
13.630003,48.091441,L6,L5,.100,.250,GND,RC_PERIMETER
13.570519,47.695889,L6,L5,.100,.250,GND,RC_PERIMETER
13.211266,47.519999,L6,L5,.100,.250,GND,RC_PERIMETER
12.811267,47.519999,L6,L5,.100,.250,GND,RC_PERIMETER
12.411268,47.519999,L6,L5,.100,.250,GND,RC_PERIMETER
12.011269,47.519999,L6,L5,.100,.250,GND,RC_PERIMETER
11.611270,47.520001,L6,L5,.100,.250,GND,RC_PERIMETER
10.563271,47.520001,L6,L5,.100,.250,GND,RC_PERIMETER
10.179581,47.633062,L6,L5,.100,.250,GND,RC_PERIMETER
10.070000,48.017760,L6,L5,.100,.250,GND,RC_PERIMETER
10.070000,48.417759,L6,L5,.100,.250,GND,RC_PERIMETER
10.070000,48.817759,L6,L5,.100,.250,GND,RC_PERIMETER
5.870001,48.900004,L6,L5,.100,.250,GND,RC_PERIMETER
6.080544,49.240110,L6,L5,.100,.250,GND,RC_PERIMETER
6.478549,49.280003,L6,L5,.100,.250,GND,RC_PERIMETER
6.878549,49.280003,L6,L5,.100,.250,GND,RC_PERIMETER
7.278548,49.280003,L6,L5,.100,.250,GND,RC_PERIMETER
7.678547,49.280003,L6,L5,.100,.250,GND,RC_PERIMETER
7.783764,49.665918,L6,L5,.100,.250,GND,RC_PERIMETER
7.783764,50.065917,L6,L5,.100,.250,GND,RC_PERIMETER
7.783764,50.465916,L6,L5,.100,.250,GND,RC_PERIMETER
8.918407,51.157233,L6,L5,.100,.250,GND,RC_PERIMETER
9.204952,50.878141,L6,L5,.100,.250,GND,RC_PERIMETER
9.216238,50.478299,L6,L5,.100,.250,GND,RC_PERIMETER
9.216238,50.078300,L6,L5,.100,.250,GND,RC_PERIMETER
9.216238,49.678300,L6,L5,.100,.250,GND,RC_PERIMETER
9.216238,49.278301,L6,L5,.100,.250,GND,RC_PERIMETER
9.427982,48.938945,L6,L5,.100,.250,GND,RC_PERIMETER
9.430001,48.538950,L6,L5,.100,.250,GND,RC_PERIMETER
9.430001,48.138951,L6,L5,.100,.250,GND,RC_PERIMETER
9.394876,47.740496,L6,L5,.100,.250,GND,RC_PERIMETER
9.061018,47.520179,L6,L5,.100,.250,GND,RC_PERIMETER
8.063019,47.520001,L6,L5,.100,.250,GND,RC_PERIMETER
7.663020,47.520001,L6,L5,.100,.250,GND,RC_PERIMETER
7.263021,47.520001,L6,L5,.100,.250,GND,RC_PERIMETER
6.863022,47.520001,L6,L5,.100,.250,GND,RC_PERIMETER
6.463022,47.520001,L6,L5,.100,.250,GND,RC_PERIMETER
6.065868,47.567626,L6,L5,.100,.250,GND,RC_PERIMETER
5.870001,47.916391,L6,L5,.100,.250,GND,RC_PERIMETER
5.870001,48.316391,L6,L5,.100,.250,GND,RC_PERIMETER
3.449998,30.120003,L6,L5,.100,.250,GND,RC_PERIMETER
3.109892,30.330546,L6,L5,.100,.250,GND,RC_PERIMETER
3.069999,30.728552,L6,L5,.100,.250,GND,RC_PERIMETER
3.069999,31.128551,L6,L5,.100,.250,GND,RC_PERIMETER
3.071081,31.528550,L6,L5,.100,.250,GND,RC_PERIMETER
3.306580,31.851877,L6,L5,.100,.250,GND,RC_PERIMETER
3.705588,31.880005,L6,L5,.100,.250,GND,RC_PERIMETER
4.105587,31.880005,L6,L5,.100,.250,GND,RC_PERIMETER
4.505587,31.880005,L6,L5,.100,.250,GND,RC_PERIMETER
4.905586,31.880005,L6,L5,.100,.250,GND,RC_PERIMETER
5.305585,31.880002,L6,L5,.100,.250,GND,RC_PERIMETER
6.616563,31.600107,L6,L5,.100,.250,GND,RC_PERIMETER
6.629999,31.200334,L6,L5,.100,.250,GND,RC_PERIMETER
6.629999,30.800335,L6,L5,.100,.250,GND,RC_PERIMETER
6.616736,30.400554,L6,L5,.100,.250,GND,RC_PERIMETER
6.416236,30.054433,L6,L5,.100,.250,GND,RC_PERIMETER
6.416236,29.654434,L6,L5,.100,.250,GND,RC_PERIMETER
6.416236,29.254435,L6,L5,.100,.250,GND,RC_PERIMETER
6.416236,28.854436,L6,L5,.100,.250,GND,RC_PERIMETER
6.381869,28.455915,L6,L5,.100,.250,GND,RC_PERIMETER
5.264247,28.247045,L6,L5,.100,.250,GND,RC_PERIMETER
4.983762,28.848809,L6,L5,.100,.250,GND,RC_PERIMETER
4.983762,29.248809,L6,L5,.100,.250,GND,RC_PERIMETER
4.983762,29.648808,L6,L5,.100,.250,GND,RC_PERIMETER
4.983762,30.048807,L6,L5,.100,.250,GND,RC_PERIMETER
4.590148,30.120003,L6,L5,.100,.250,GND,RC_PERIMETER
4.190149,30.120003,L6,L5,.100,.250,GND,RC_PERIMETER
1.070000,41.250001,L6,L5,.100,.250,GND,RC_PERIMETER
1.280544,41.590107,L6,L5,.100,.250,GND,RC_PERIMETER
1.678549,41.630001,L6,L5,.100,.250,GND,RC_PERIMETER
2.078548,41.630001,L6,L5,.100,.250,GND,RC_PERIMETER
2.478547,41.630001,L6,L5,.100,.250,GND,RC_PERIMETER
2.878546,41.630001,L6,L5,.100,.250,GND,RC_PERIMETER
3.278546,41.630001,L6,L5,.100,.250,GND,RC_PERIMETER
4.630001,41.014343,L6,L5,.100,.250,GND,RC_PERIMETER
4.630001,40.614343,L6,L5,.100,.250,GND,RC_PERIMETER
4.628307,40.214347,L6,L5,.100,.250,GND,RC_PERIMETER
4.416237,39.875191,L6,L5,.100,.250,GND,RC_PERIMETER
4.416237,39.475192,L6,L5,.100,.250,GND,RC_PERIMETER
4.416237,39.075192,L6,L5,.100,.250,GND,RC_PERIMETER
4.416237,38.675193,L6,L5,.100,.250,GND,RC_PERIMETER
4.405775,38.275331,L6,L5,.100,.250,GND,RC_PERIMETER
4.121864,37.993561,L6,L5,.100,.250,GND,RC_PERIMETER
3.087182,38.103211,L6,L5,.100,.250,GND,RC_PERIMETER
2.983763,38.489611,L6,L5,.100,.250,GND,RC_PERIMETER
2.983763,38.889610,L6,L5,.100,.250,GND,RC_PERIMETER
2.983763,39.289609,L6,L5,.100,.250,GND,RC_PERIMETER
2.983763,39.689608,L6,L5,.100,.250,GND,RC_PERIMETER
2.626749,39.869999,L6,L5,.100,.250,GND,RC_PERIMETER
2.226749,39.869999,L6,L5,.100,.250,GND,RC_PERIMETER
1.826750,39.869999,L6,L5,.100,.250,GND,RC_PERIMETER
1.426751,39.870741,L6,L5,.100,.250,GND,RC_PERIMETER
1.100163,40.101695,L6,L5,.100,.250,GND,RC_PERIMETER
1.070000,40.500557,L6,L5,.100,.250,GND,RC_PERIMETER
13.531444,32.183741,L6,L5,.100,.250,GND,RF_FENCE
13.248602,32.466582,L6,L5,.100,.250,GND,RF_FENCE
12.965760,32.749424,L6,L5,.100,.250,GND,RF_FENCE
12.682918,33.032266,L6,L5,.100,.250,GND,RF_FENCE
12.635004,33.429384,L6,L5,.100,.250,GND,RF_FENCE
12.635001,33.829384,L6,L5,.100,.250,GND,RF_FENCE
12.635001,34.229383,L6,L5,.100,.250,GND,RF_FENCE
12.635001,34.629382,L6,L5,.100,.250,GND,RF_FENCE
12.635001,35.029381,L6,L5,.100,.250,GND,RF_FENCE
12.635001,35.429381,L6,L5,.100,.250,GND,RF_FENCE
12.635001,35.829380,L6,L5,.100,.250,GND,RF_FENCE
12.635001,36.229379,L6,L5,.100,.250,GND,RF_FENCE
12.635001,36.629378,L6,L5,.100,.250,GND,RF_FENCE
12.635001,37.029377,L6,L5,.100,.250,GND,RF_FENCE
12.635001,37.429376,L6,L5,.100,.250,GND,RF_FENCE
12.635001,37.829376,L6,L5,.100,.250,GND,RF_FENCE
12.635001,38.229375,L6,L5,.100,.250,GND,RF_FENCE
12.635001,38.629374,L6,L5,.100,.250,GND,RF_FENCE
12.420503,32.064315,L6,L5,.100,.250,GND,RF_FENCE
12.137662,32.347157,L6,L5,.100,.250,GND,RF_FENCE
11.870499,32.644855,L6,L5,.100,.250,GND,RF_FENCE
11.765001,33.030691,L6,L5,.100,.250,GND,RF_FENCE
11.765001,33.430690,L6,L5,.100,.250,GND,RF_FENCE
11.765001,33.830689,L6,L5,.100,.250,GND,RF_FENCE
11.765001,34.230688,L6,L5,.100,.250,GND,RF_FENCE
11.765001,34.630688,L6,L5,.100,.250,GND,RF_FENCE
11.765001,35.030687,L6,L5,.100,.250,GND,RF_FENCE
11.765001,35.430686,L6,L5,.100,.250,GND,RF_FENCE
11.765001,35.830685,L6,L5,.100,.250,GND,RF_FENCE
11.765001,36.230684,L6,L5,.100,.250,GND,RF_FENCE
11.765001,36.630684,L6,L5,.100,.250,GND,RF_FENCE
11.765001,37.030683,L6,L5,.100,.250,GND,RF_FENCE
11.765001,37.430682,L6,L5,.100,.250,GND,RF_FENCE
11.765001,37.830681,L6,L5,.100,.250,GND,RF_FENCE
11.765001,38.230680,L6,L5,.100,.250,GND,RF_FENCE
11.765001,38.630680,L6,L5,.100,.250,GND,RF_FENCE
15.722427,42.550535,L6,L5,.100,.250,GND,RF_FENCE
15.323914,42.585000,L6,L5,.100,.250,GND,RF_FENCE
14.923915,42.585000,L6,L5,.100,.250,GND,RF_FENCE
14.523916,42.585000,L6,L5,.100,.250,GND,RF_FENCE
14.123916,42.585000,L6,L5,.100,.250,GND,RF_FENCE
13.723917,42.585000,L6,L5,.100,.250,GND,RF_FENCE
14.469427,41.714994,L6,L5,.100,.250,GND,RF_FENCE
14.069428,41.714997,L6,L5,.100,.250,GND,RF_FENCE
13.669429,41.714997,L6,L5,.100,.250,GND,RF_FENCE
10.565000,47.119438,L6,L5,.100,.250,GND,RF_FENCE
10.565000,46.719439,L6,L5,.100,.250,GND,RF_FENCE
10.565000,46.319440,L6,L5,.100,.250,GND,RF_FENCE
10.572504,45.919509,L6,L5,.100,.250,GND,RF_FENCE
10.735094,45.554044,L6,L5,.100,.250,GND,RF_FENCE
11.435001,47.159438,L6,L5,.100,.250,GND,RF_FENCE
11.435001,46.759439,L6,L5,.100,.250,GND,RF_FENCE
11.435001,46.359440,L6,L5,.100,.250,GND,RF_FENCE
8.065000,47.119438,L6,L5,.100,.250,GND,RF_FENCE
8.065000,46.719439,L6,L5,.100,.250,GND,RF_FENCE
8.065000,46.319440,L6,L5,.100,.250,GND,RF_FENCE
8.935001,47.139438,L6,L5,.100,.250,GND,RF_FENCE
8.935001,46.739439,L6,L5,.100,.250,GND,RF_FENCE
8.935001,46.339440,L6,L5,.100,.250,GND,RF_FENCE
8.930094,45.939471,L6,L5,.100,.250,GND,RF_FENCE
8.777572,45.569690,L6,L5,.100,.250,GND,RF_FENCE
6.899204,31.884021,L6,L5,.100,.250,GND,RF_FENCE
7.182046,32.166862,L6,L5,.100,.250,GND,RF_FENCE
7.464887,32.449704,L6,L5,.100,.250,GND,RF_FENCE
7.747729,32.732548,L6,L5,.100,.250,GND,RF_FENCE
8.030573,33.015390,L6,L5,.100,.250,GND,RF_FENCE
8.313415,33.298234,L6,L5,.100,.250,GND,RF_FENCE
8.596259,33.581076,L6,L5,.100,.250,GND,RF_FENCE
8.879101,33.863920,L6,L5,.100,.250,GND,RF_FENCE
9.161945,34.146762,L6,L5,.100,.250,GND,RF_FENCE
9.444787,34.429606,L6,L5,.100,.250,GND,RF_FENCE
9.727628,34.712448,L6,L5,.100,.250,GND,RF_FENCE
10.010470,34.995289,L6,L5,.100,.250,GND,RF_FENCE
10.293312,35.278131,L6,L5,.100,.250,GND,RF_FENCE
10.505275,35.617353,L6,L5,.100,.250,GND,RF_FENCE
10.535001,36.016247,L6,L5,.100,.250,GND,RF_FENCE
10.535001,36.416247,L6,L5,.100,.250,GND,RF_FENCE
10.535001,36.816246,L6,L5,.100,.250,GND,RF_FENCE
10.535001,37.216245,L6,L5,.100,.250,GND,RF_FENCE
10.535001,37.616244,L6,L5,.100,.250,GND,RF_FENCE
10.535001,38.016243,L6,L5,.100,.250,GND,RF_FENCE
10.535001,38.416243,L6,L5,.100,.250,GND,RF_FENCE
10.535001,38.816242,L6,L5,.100,.250,GND,RF_FENCE
5.704825,31.920007,L6,L5,.100,.250,GND,RF_FENCE
5.987666,32.202852,L6,L5,.100,.250,GND,RF_FENCE
6.270511,32.485693,L6,L5,.100,.250,GND,RF_FENCE
6.553352,32.768537,L6,L5,.100,.250,GND,RF_FENCE
6.836197,33.051379,L6,L5,.100,.250,GND,RF_FENCE
7.119038,33.334223,L6,L5,.100,.250,GND,RF_FENCE
7.401880,33.617065,L6,L5,.100,.250,GND,RF_FENCE
7.684722,33.899907,L6,L5,.100,.250,GND,RF_FENCE
7.967563,34.182748,L6,L5,.100,.250,GND,RF_FENCE
8.250405,34.465590,L6,L5,.100,.250,GND,RF_FENCE
8.533247,34.748432,L6,L5,.100,.250,GND,RF_FENCE
8.816089,35.031274,L6,L5,.100,.250,GND,RF_FENCE
9.098930,35.314115,L6,L5,.100,.250,GND,RF_FENCE
9.381772,35.596957,L6,L5,.100,.250,GND,RF_FENCE
9.664614,35.879799,L6,L5,.100,.250,GND,RF_FENCE
9.665000,36.279798,L6,L5,.100,.250,GND,RF_FENCE
9.665000,36.679797,L6,L5,.100,.250,GND,RF_FENCE
9.665000,37.079796,L6,L5,.100,.250,GND,RF_FENCE
9.665000,37.479795,L6,L5,.100,.250,GND,RF_FENCE
9.665000,37.879795,L6,L5,.100,.250,GND,RF_FENCE
9.665000,38.279794,L6,L5,.100,.250,GND,RF_FENCE
9.665000,38.679793,L6,L5,.100,.250,GND,RF_FENCE
5.030574,41.014993,L6,L5,.100,.250,GND,RF_FENCE
5.430573,41.014995,L6,L5,.100,.250,GND,RF_FENCE
5.830573,41.014995,L6,L5,.100,.250,GND,RF_FENCE
3.645456,41.793833,L6,L5,.100,.250,GND,RF_FENCE
4.034930,41.884999,L6,L5,.100,.250,GND,RF_FENCE
4.434929,41.884999,L6,L5,.100,.250,GND,RF_FENCE
4.834928,41.884999,L6,L5,.100,.250,GND,RF_FENCE
5.234927,41.884999,L6,L5,.100,.250,GND,RF_FENCE
5.634926,41.884999,L6,L5,.100,.250,GND,RF_FENCE
6.034926,41.884999,L6,L5,.100,.250,GND,RF_FENCE
15.368001,27.574999,L6,L5,.100,.250,GND,RF_FENCE
14.968002,27.574999,L6,L5,.100,.250,GND,RF_FENCE
14.568002,27.574999,L6,L5,.100,.250,GND,RF_FENCE
14.168003,27.574999,L6,L5,.100,.250,GND,RF_FENCE
13.885007,27.857689,L6,L5,.100,.250,GND,RF_FENCE
15.368001,26.704999,L6,L5,.100,.250,GND,RF_FENCE
14.968002,26.704999,L6,L5,.100,.250,GND,RF_FENCE
14.568002,26.704999,L6,L5,.100,.250,GND,RF_FENCE
14.168003,26.704999,L6,L5,.100,.250,GND,RF_FENCE
13.768004,26.704999,L6,L5,.100,.250,GND,RF_FENCE
13.380596,26.804574,L6,L5,.100,.250,GND,RF_FENCE
13.102539,27.092123,L6,L5,.100,.250,GND,RF_FENCE
13.015001,27.482427,L6,L5,.100,.250,GND,RF_FENCE
16.835001,35.371999,L6,L5,.100,.250,GND,RF_FENCE
16.835001,35.771999,L6,L5,.100,.250,GND,RF_FENCE
16.835001,36.171998,L6,L5,.100,.250,GND,RF_FENCE
16.835001,36.571997,L6,L5,.100,.250,GND,RF_FENCE
16.835001,36.971996,L6,L5,.100,.250,GND,RF_FENCE
16.835001,37.371995,L6,L5,.100,.250,GND,RF_FENCE
16.835001,37.771995,L6,L5,.100,.250,GND,RF_FENCE
16.828676,38.171945,L6,L5,.100,.250,GND,RF_FENCE
16.670386,38.539293,L6,L5,.100,.250,GND,RF_FENCE
15.965000,35.371999,L6,L5,.100,.250,GND,RF_FENCE
15.965000,35.771999,L6,L5,.100,.250,GND,RF_FENCE
15.965000,36.171998,L6,L5,.100,.250,GND,RF_FENCE
15.965000,36.571997,L6,L5,.100,.250,GND,RF_FENCE
15.965000,36.971996,L6,L5,.100,.250,GND,RF_FENCE
15.965000,37.371995,L6,L5,.100,.250,GND,RF_FENCE
15.965000,37.771995,L6,L5,.100,.250,GND,RF_FENCE
15.834655,38.150160,L6,L5,.100,.250,GND,RF_FENCE
12.108574,50.864994,L6,L5,.100,.250,GND,RF_FENCE
12.508573,50.864994,L6,L5,.100,.250,GND,RF_FENCE
12.908572,50.864994,L6,L5,.100,.250,GND,RF_FENCE
13.308571,50.864994,L6,L5,.100,.250,GND,RF_FENCE
13.708570,50.864996,L6,L5,.100,.250,GND,RF_FENCE
14.108570,50.864996,L6,L5,.100,.250,GND,RF_FENCE
14.508569,50.864996,L6,L5,.100,.250,GND,RF_FENCE
14.908568,50.864996,L6,L5,.100,.250,GND,RF_FENCE
15.308567,50.864999,L6,L5,.100,.250,GND,RF_FENCE
15.708566,50.864999,L6,L5,.100,.250,GND,RF_FENCE
15.964995,50.558007,L6,L5,.100,.250,GND,RF_FENCE
15.964995,50.158007,L6,L5,.100,.250,GND,RF_FENCE
10.752310,51.490159,L6,L5,.100,.250,GND,RF_FENCE
11.090105,51.704390,L6,L5,.100,.250,GND,RF_FENCE
11.488933,51.734999,L6,L5,.100,.250,GND,RF_FENCE
11.888932,51.734999,L6,L5,.100,.250,GND,RF_FENCE
12.288931,51.734999,L6,L5,.100,.250,GND,RF_FENCE
12.688931,51.734999,L6,L5,.100,.250,GND,RF_FENCE
13.088930,51.734999,L6,L5,.100,.250,GND,RF_FENCE
13.488929,51.734999,L6,L5,.100,.250,GND,RF_FENCE
13.888928,51.734999,L6,L5,.100,.250,GND,RF_FENCE
14.288927,51.734999,L6,L5,.100,.250,GND,RF_FENCE
14.688927,51.734999,L6,L5,.100,.250,GND,RF_FENCE
15.088926,51.734999,L6,L5,.100,.250,GND,RF_FENCE
15.488925,51.734999,L6,L5,.100,.250,GND,RF_FENCE
15.888924,51.734999,L6,L5,.100,.250,GND,RF_FENCE
16.288174,51.710504,L6,L5,.100,.250,GND,RF_FENCE
16.632387,51.506745,L6,L5,.100,.250,GND,RF_FENCE
16.818920,51.152900,L6,L5,.100,.250,GND,RF_FENCE
16.835001,50.753223,L6,L5,.100,.250,GND,RF_FENCE
16.835001,50.353224,L6,L5,.100,.250,GND,RF_FENCE
16.835001,49.953225,L6,L5,.100,.250,GND,RF_FENCE
8.728629,51.510662,L6,L5,.100,.250,GND,RF_FENCE
8.382922,51.711873,L6,L5,.100,.250,GND,RF_FENCE
7.983591,51.734999,L6,L5,.100,.250,GND,RF_FENCE
7.583592,51.734999,L6,L5,.100,.250,GND,RF_FENCE
7.183592,51.734999,L6,L5,.100,.250,GND,RF_FENCE
6.783593,51.734999,L6,L5,.100,.250,GND,RF_FENCE
6.383594,51.734999,L6,L5,.100,.250,GND,RF_FENCE
5.983595,51.734999,L6,L5,.100,.250,GND,RF_FENCE
5.583596,51.734999,L6,L5,.100,.250,GND,RF_FENCE
5.183596,51.734999,L6,L5,.100,.250,GND,RF_FENCE
4.783597,51.734999,L6,L5,.100,.250,GND,RF_FENCE
4.383598,51.734999,L6,L5,.100,.250,GND,RF_FENCE
3.983599,51.734999,L6,L5,.100,.250,GND,RF_FENCE
3.583600,51.734999,L6,L5,.100,.250,GND,RF_FENCE
3.184896,51.702820,L6,L5,.100,.250,GND,RF_FENCE
2.848696,51.486095,L6,L5,.100,.250,GND,RF_FENCE
2.675776,51.125402,L6,L5,.100,.250,GND,RF_FENCE
2.664998,50.725548,L6,L5,.100,.250,GND,RF_FENCE
2.664998,50.325548,L6,L5,.100,.250,GND,RF_FENCE
2.664998,49.925549,L6,L5,.100,.250,GND,RF_FENCE
7.847429,50.864991,L6,L5,.100,.250,GND,RF_FENCE
7.447430,50.864994,L6,L5,.100,.250,GND,RF_FENCE
7.047431,50.864994,L6,L5,.100,.250,GND,RF_FENCE
6.647431,50.864994,L6,L5,.100,.250,GND,RF_FENCE
6.247432,50.864994,L6,L5,.100,.250,GND,RF_FENCE
5.847433,50.864996,L6,L5,.100,.250,GND,RF_FENCE
5.447434,50.864996,L6,L5,.100,.250,GND,RF_FENCE
5.047435,50.864996,L6,L5,.100,.250,GND,RF_FENCE
4.647435,50.864996,L6,L5,.100,.250,GND,RF_FENCE
4.247436,50.864999,L6,L5,.100,.250,GND,RF_FENCE
3.847437,50.864999,L6,L5,.100,.250,GND,RF_FENCE
3.535004,50.615225,L6,L5,.100,.250,GND,RF_FENCE
3.535004,50.215226,L6,L5,.100,.250,GND,RF_FENCE
4.131998,26.704999,L6,L5,.100,.250,GND,RF_FENCE
4.531998,26.704999,L6,L5,.100,.250,GND,RF_FENCE
4.931997,26.704999,L6,L5,.100,.250,GND,RF_FENCE
5.331996,26.704999,L6,L5,.100,.250,GND,RF_FENCE
5.724776,26.780647,L6,L5,.100,.250,GND,RF_FENCE
6.021972,27.048369,L6,L5,.100,.250,GND,RF_FENCE
6.134956,27.432081,L6,L5,.100,.250,GND,RF_FENCE
6.134999,27.832080,L6,L5,.100,.250,GND,RF_FENCE
4.131998,27.574999,L6,L5,.100,.250,GND,RF_FENCE
4.531998,27.574999,L6,L5,.100,.250,GND,RF_FENCE
4.931997,27.574999,L6,L5,.100,.250,GND,RF_FENCE
5.264993,27.796614,L6,L5,.100,.250,GND,RF_FENCE
3.534999,35.371999,L6,L5,.100,.250,GND,RF_FENCE
3.534999,35.771999,L6,L5,.100,.250,GND,RF_FENCE
3.534999,36.171998,L6,L5,.100,.250,GND,RF_FENCE
3.534999,36.571997,L6,L5,.100,.250,GND,RF_FENCE
3.534999,36.971996,L6,L5,.100,.250,GND,RF_FENCE
3.584148,37.368965,L6,L5,.100,.250,GND,RF_FENCE
3.866990,37.651809,L6,L5,.100,.250,GND,RF_FENCE
2.664998,35.371999,L6,L5,.100,.250,GND,RF_FENCE
2.664998,35.771999,L6,L5,.100,.250,GND,RF_FENCE
2.664998,36.171998,L6,L5,.100,.250,GND,RF_FENCE
2.664998,36.571997,L6,L5,.100,.250,GND,RF_FENCE
2.664998,36.971996,L6,L5,.100,.250,GND,RF_FENCE
2.664998,37.371995,L6,L5,.100,.250,GND,RF_FENCE
2.771889,37.757448,L6,L5,.100,.250,GND,RF_FENCE
